"date","rainfall_amount"
2008-01-01,7
2008-01-02,5.4
2008-01-03,3.2
2008-01-04,36.2
2008-01-05,27.4
2008-01-06,0
2008-01-07,42.2
2008-01-08,0
2008-01-09,0.6
2008-01-10,1.2
2008-01-11,0
2008-01-12,0.8
2008-01-13,0
2008-01-14,0
2008-01-15,8.4
2008-01-16,11.2
2008-01-17,0.8
2008-01-18,0.6
2008-01-19,0.2
2008-01-20,0
2008-01-21,0.4
2008-01-22,0
2008-01-23,0
2008-01-24,0
2008-01-25,0
2008-01-26,0
2008-01-27,0
2008-01-28,0
2008-01-29,0.8
2008-01-30,35
2008-01-31,3
2008-02-01,0
2008-02-02,0
2008-02-03,42
2008-02-04,42
2008-02-05,10.6
2008-02-06,5.2
2008-02-07,41.6
2008-02-08,0
2008-02-09,5
2008-02-10,0
2008-02-11,0
2008-02-12,10.2
2008-02-13,15.6
2008-02-14,8
2008-02-15,0.2
2008-02-16,0
2008-02-17,1.4
2008-02-18,2.2
2008-02-19,16.6
2008-02-20,0.2
2008-02-21,0
2008-02-22,0
2008-02-23,0
2008-02-24,0
2008-02-25,0
2008-02-26,1.2
2008-02-27,14.8
2008-02-28,0
2008-02-29,0
2008-03-01,0
2008-03-02,0
2008-03-03,0
2008-03-04,0
2008-03-05,0
2008-03-06,0
2008-03-07,0
2008-03-08,0
2008-03-09,0
2008-03-10,1.2
2008-03-11,0.6
2008-03-12,0
2008-03-13,0
2008-03-14,0
2008-03-15,0
2008-03-16,0.4
2008-03-17,2.8
2008-03-18,2.4
2008-03-19,1.4
2008-03-20,1.2
2008-03-21,3.6
2008-03-22,0
2008-03-23,0
2008-03-24,0.8
2008-03-25,0.6
2008-03-26,0
2008-03-27,5.4
2008-03-28,15
2008-03-29,6.4
2008-03-30,0
2008-03-31,0
2008-04-01,0
2008-04-02,0
2008-04-03,0
2008-04-04,0
2008-04-05,0
2008-04-06,0
2008-04-07,6.2
2008-04-08,0
2008-04-09,2.2
2008-04-10,0
2008-04-11,0.2
2008-04-12,0
2008-04-13,0
2008-04-14,0
2008-04-15,0
2008-04-16,0
2008-04-17,0
2008-04-18,0.8
2008-04-19,7
2008-04-20,0.4
2008-04-21,0
2008-04-22,0
2008-04-23,0
2008-04-24,0
2008-04-25,0
2008-04-26,0
2008-04-27,0
2008-04-28,0
2008-04-29,0
2008-04-30,0
2008-05-01,0
2008-05-02,0
2008-05-03,0
2008-05-04,0
2008-05-05,0
2008-05-06,0
2008-05-07,0
2008-05-08,0
2008-05-09,0
2008-05-10,0
2008-05-11,0
2008-05-12,0
2008-05-13,0
2008-05-14,0
2008-05-15,0
2008-05-16,0.2
2008-05-17,0
2008-05-18,5.4
2008-05-19,0
2008-05-20,0.2
2008-05-21,0
2008-05-22,0
2008-05-23,0
2008-05-24,0
2008-05-25,0
2008-05-26,0
2008-05-27,0
2008-05-28,0
2008-05-29,0.6
2008-05-30,31.8
2008-05-31,13.8
2008-06-01,1
2008-06-02,44.2
2008-06-03,60
2008-06-04,0.2
2008-06-05,0
2008-06-06,0
2008-06-07,5.6
2008-06-08,0
2008-06-09,0.8
2008-06-10,2.4
2008-06-11,0
2008-06-12,0
2008-06-13,0
2008-06-14,0
2008-06-15,0
2008-06-16,0
2008-06-17,0
2008-06-18,0
2008-06-19,3.6
2008-06-20,0
2008-06-21,3.8
2008-06-22,0.2
2008-06-23,0
2008-06-24,0
2008-06-25,0
2008-06-26,0
2008-06-27,0
2008-06-28,0
2008-06-29,0
2008-06-30,0
2008-07-01,0
2008-07-02,0
2008-07-03,0
2008-07-04,0.8
2008-07-05,0
2008-07-06,16.2
2008-07-07,0
2008-07-08,24.2
2008-07-09,3.8
2008-07-10,0.2
2008-07-11,0
2008-07-12,0
2008-07-13,0
2008-07-14,0
2008-07-15,0
2008-07-16,5.4
2008-07-17,2.8
2008-07-18,0
2008-07-19,0
2008-07-20,0
2008-07-21,0
2008-07-22,0
2008-07-23,0.2
2008-07-24,12.6
2008-07-25,22.4
2008-07-26,0.4
2008-07-27,0
2008-07-28,2.4
2008-07-29,0
2008-07-30,0
2008-07-31,0
2008-08-01,0
2008-08-02,0
2008-08-03,0
2008-08-04,0
2008-08-05,0
2008-08-06,0.2
2008-08-07,0
2008-08-08,0
2008-08-09,0
2008-08-10,0
2008-08-11,0
2008-08-12,0
2008-08-13,0
2008-08-14,0
2008-08-15,0
2008-08-16,0
2008-08-17,0
2008-08-18,0
2008-08-19,0
2008-08-20,0
2008-08-21,0
2008-08-22,0
2008-08-23,10
2008-08-24,0
2008-08-25,0
2008-08-26,0
2008-08-27,0.2
2008-08-28,0
2008-08-29,5
2008-08-30,0.4
2008-08-31,0
2008-09-01,1.6
2008-09-02,0
2008-09-03,0
2008-09-04,6
2008-09-05,41.6
2008-09-06,3.8
2008-09-07,0
2008-09-08,0
2008-09-09,0
2008-09-10,0
2008-09-11,0
2008-09-12,0
2008-09-13,0.4
2008-09-14,0.2
2008-09-15,1
2008-09-16,0
2008-09-17,0
2008-09-18,0
2008-09-19,0.4
2008-09-20,0.2
2008-09-21,0.4
2008-09-22,0
2008-09-23,0
2008-09-24,0
2008-09-25,0
2008-09-26,0
2008-09-27,0
2008-09-28,0
2008-09-29,0
2008-09-30,0
2008-10-01,0
2008-10-02,0
2008-10-03,0
2008-10-04,0
2008-10-05,0
2008-10-06,0
2008-10-07,0
2008-10-08,0
2008-10-09,0
2008-10-10,22.6
2008-10-11,7.6
2008-10-12,2
2008-10-13,1.2
2008-10-14,0
2008-10-15,0.2
2008-10-16,14.4
2008-10-17,0.2
2008-10-18,0
2008-10-19,0
2008-10-20,0
2008-10-21,0
2008-10-22,6.6
2008-10-23,0
2008-10-24,0
2008-10-25,0
2008-10-26,0
2008-10-27,0
2008-10-28,0
2008-10-29,0
2008-10-30,0.4
2008-10-31,0
2008-11-01,0
2008-11-02,0
2008-11-03,0.2
2008-11-04,2.8
2008-11-05,0
2008-11-06,23.6
2008-11-07,0
2008-11-08,0
2008-11-09,8.6
2008-11-10,0
2008-11-11,0
2008-11-12,0.4
2008-11-13,8.8
2008-11-14,1
2008-11-15,0.2
2008-11-16,0
2008-11-17,31.8
2008-11-18,14.6
2008-11-19,77.2
2008-11-20,79.4
2008-11-21,28.8
2008-11-22,0.2
2008-11-23,6.6
2008-11-24,0
2008-11-25,0
2008-11-26,11.6
2008-11-27,25.2
2008-11-28,2.2
2008-11-29,0
2008-11-30,3.4
2008-12-01,0
2008-12-02,0
2008-12-03,0
2008-12-04,3.6
2008-12-05,9.6
2008-12-06,7.8
2008-12-07,12.4
2008-12-08,0
2008-12-09,0.2
2008-12-10,0.6
2008-12-11,0
2008-12-12,9.6
2008-12-13,0
2008-12-14,0.4
2008-12-15,0
2008-12-16,0
2008-12-17,0
2008-12-18,0
2008-12-19,2
2008-12-20,0
2008-12-21,0
2008-12-22,0
2008-12-23,0
2008-12-24,0
2008-12-25,0
2008-12-26,0.8
2008-12-27,0.6
2008-12-28,4.2
2008-12-29,0.2
2008-12-30,6.6
2008-12-31,4
2009-01-01,0
2009-01-02,0
2009-01-03,4.4
2009-01-04,4.8
2009-01-05,0
2009-01-06,0
2009-01-07,0
2009-01-08,1.4
2009-01-09,0.6
2009-01-10,0.2
2009-01-11,0
2009-01-12,0
2009-01-13,0
2009-01-14,0
2009-01-15,0
2009-01-16,0
2009-01-17,0
2009-01-18,0
2009-01-19,0
2009-01-20,0
2009-01-21,0
2009-01-22,0
2009-01-23,26.6
2009-01-24,4.4
2009-01-25,0
2009-01-26,29.8
2009-01-27,1.8
2009-01-28,0.2
2009-01-29,0
2009-01-30,3.2
2009-01-31,0
2009-02-01,0.8
2009-02-02,1
2009-02-03,6.2
2009-02-04,0.6
2009-02-05,0
2009-02-06,0
2009-02-07,0
2009-02-08,0
2009-02-09,0
2009-02-10,0
2009-02-11,1.4
2009-02-12,0
2009-02-13,23.8
2009-02-14,36.8
2009-02-15,2
2009-02-16,0
2009-02-17,0
2009-02-18,17.4
2009-02-19,2.2
2009-02-20,3.4
2009-02-21,35.2
2009-02-22,1
2009-02-23,0
2009-02-24,0
2009-02-25,0
2009-02-26,0
2009-02-27,0
2009-02-28,0
2009-03-01,0
2009-03-02,0
2009-03-03,0.2
2009-03-04,0.2
2009-03-05,0
2009-03-06,0
2009-03-07,0
2009-03-08,0
2009-03-09,0
2009-03-10,3.4
2009-03-11,4.4
2009-03-12,5.6
2009-03-13,3
2009-03-14,6
2009-03-15,3
2009-03-16,0
2009-03-17,13.2
2009-03-18,0
2009-03-19,0
2009-03-20,0
2009-03-21,0.2
2009-03-22,0
2009-03-23,0
2009-03-24,0
2009-03-25,0
2009-03-26,0
2009-03-27,0
2009-03-28,0
2009-03-29,3.2
2009-03-30,2.2
2009-03-31,3
2009-04-01,0.2
2009-04-02,13
2009-04-03,66.2
2009-04-04,41
2009-04-05,0.8
2009-04-06,1
2009-04-07,1.2
2009-04-08,1.8
2009-04-09,0
2009-04-10,5.6
2009-04-11,2.2
2009-04-12,14.6
2009-04-13,1.4
2009-04-14,43.8
2009-04-15,0.4
2009-04-16,0
2009-04-17,0
2009-04-18,0.6
2009-04-19,0.2
2009-04-20,0
2009-04-21,0
2009-04-22,1
2009-04-23,0.2
2009-04-24,0
2009-04-25,0
2009-04-26,0
2009-04-27,0
2009-04-28,0
2009-04-29,0
2009-04-30,0
2009-05-01,0
2009-05-02,0
2009-05-03,0
2009-05-04,0
2009-05-05,0
2009-05-06,0
2009-05-07,1.4
2009-05-08,2.2
2009-05-09,0.2
2009-05-10,0
2009-05-11,0
2009-05-12,0
2009-05-13,0
2009-05-14,0
2009-05-15,0
2009-05-16,0
2009-05-17,0
2009-05-18,0
2009-05-19,56.6
2009-05-20,89
2009-05-21,76.2
2009-05-22,0
2009-05-23,5.4
2009-05-24,2.2
2009-05-25,2.2
2009-05-26,0
2009-05-27,0
2009-05-28,0
2009-05-29,0
2009-05-30,5.2
2009-05-31,0.2
2009-06-01,2
2009-06-02,4.2
2009-06-03,6
2009-06-04,1.4
2009-06-05,1.2
2009-06-06,0
2009-06-07,0.2
2009-06-08,1.2
2009-06-09,0
2009-06-10,0
2009-06-11,0
2009-06-12,0
2009-06-13,0
2009-06-14,0
2009-06-15,0
2009-06-16,0.4
2009-06-17,0
2009-06-18,0
2009-06-19,0
2009-06-20,0
2009-06-21,0.4
2009-06-22,24.4
2009-06-23,31.2
2009-06-24,0
2009-06-25,0.2
2009-06-26,0
2009-06-27,14.8
2009-06-28,0
2009-06-29,0
2009-06-30,0
2009-07-01,0
2009-07-02,0
2009-07-03,0
2009-07-04,0
2009-07-05,0
2009-07-06,0
2009-07-07,0
2009-07-08,3.4
2009-07-09,0
2009-07-10,0
2009-07-11,0
2009-07-12,0
2009-07-13,0
2009-07-14,0
2009-07-15,0
2009-07-16,0
2009-07-17,0
2009-07-18,0
2009-07-19,0
2009-07-20,0
2009-07-21,0
2009-07-22,0
2009-07-23,0
2009-07-24,0
2009-07-25,0
2009-07-26,0
2009-07-27,0.2
2009-07-28,0
2009-07-29,0
2009-07-30,0
2009-07-31,0
2009-08-01,0
2009-08-02,0
2009-08-03,0
2009-08-04,0
2009-08-05,0
2009-08-06,0
2009-08-07,0
2009-08-08,0
2009-08-09,0
2009-08-10,0
2009-08-11,0
2009-08-12,0
2009-08-13,2.8
2009-08-14,0
2009-08-15,0
2009-08-16,0
2009-08-17,0
2009-08-18,0.2
2009-08-19,0
2009-08-20,0
2009-08-21,0
2009-08-22,0
2009-08-23,0
2009-08-24,0
2009-08-25,0
2009-08-26,0
2009-08-27,0
2009-08-28,0
2009-08-29,0
2009-08-30,0
2009-08-31,1
2009-09-01,0.2
2009-09-02,0
2009-09-03,0
2009-09-04,0
2009-09-05,7.8
2009-09-06,0
2009-09-07,0
2009-09-08,15.2
2009-09-09,0
2009-09-10,0
2009-09-11,0
2009-09-12,0
2009-09-13,0
2009-09-14,0
2009-09-15,0
2009-09-16,0
2009-09-17,0
2009-09-18,0
2009-09-19,0
2009-09-20,0
2009-09-21,0
2009-09-22,0.2
2009-09-23,0
2009-09-24,0
2009-09-25,0
2009-09-26,0
2009-09-27,0
2009-09-28,0
2009-09-29,0
2009-09-30,0
2009-10-01,0
2009-10-02,0
2009-10-03,0
2009-10-04,0
2009-10-05,0.4
2009-10-06,0
2009-10-07,0
2009-10-08,2.4
2009-10-09,0
2009-10-10,0
2009-10-11,0
2009-10-12,1
2009-10-13,1.8
2009-10-14,10.2
2009-10-15,0.2
2009-10-16,0
2009-10-17,0
2009-10-18,0
2009-10-19,0
2009-10-20,0
2009-10-21,0
2009-10-22,0
2009-10-23,0
2009-10-24,0
2009-10-25,0.4
2009-10-26,0
2009-10-27,35.4
2009-10-28,1.2
2009-10-29,4.4
2009-10-30,0
2009-10-31,0
2009-11-01,0.4
2009-11-02,0
2009-11-03,0
2009-11-04,0
2009-11-05,0
2009-11-06,0.4
2009-11-07,7
2009-11-08,0.2
2009-11-09,17
2009-11-10,1.6
2009-11-11,0.2
2009-11-12,0
2009-11-13,0
2009-11-14,0
2009-11-15,0
2009-11-16,0
2009-11-17,0
2009-11-18,3.2
2009-11-19,0
2009-11-20,0
2009-11-21,0
2009-11-22,0
2009-11-23,0
2009-11-24,1.2
2009-11-25,0.2
2009-11-26,0
2009-11-27,0
2009-11-28,0
2009-11-29,0
2009-11-30,0
2009-12-01,0
2009-12-02,0
2009-12-03,6.6
2009-12-04,0
2009-12-05,0
2009-12-06,0
2009-12-07,0
2009-12-08,0
2009-12-09,0
2009-12-10,0
2009-12-11,0
2009-12-12,0
2009-12-13,0.6
2009-12-14,0.2
2009-12-15,0
2009-12-16,12.2
2009-12-17,0
2009-12-18,0
2009-12-19,0
2009-12-20,4.8
2009-12-21,34
2009-12-22,0
2009-12-23,13
2009-12-24,1.6
2009-12-25,0.2
2009-12-26,13.2
2009-12-27,21
2009-12-28,21.6
2009-12-29,35
2009-12-30,7.8
2009-12-31,0.4
2010-01-01,1.4
2010-01-02,0.8
2010-01-03,0
2010-01-04,20.6
2010-01-05,0
2010-01-06,0
2010-01-07,0.6
2010-01-08,0.2
2010-01-09,0
2010-01-10,0
2010-01-11,0
2010-01-12,0
2010-01-13,0
2010-01-14,0
2010-01-15,0
2010-01-16,0
2010-01-17,0
2010-01-18,4.4
2010-01-19,0
2010-01-20,0.2
2010-01-21,0
2010-01-22,0
2010-01-23,0
2010-01-24,0
2010-01-25,0
2010-01-26,0
2010-01-27,0
2010-01-28,0
2010-01-29,3.6
2010-01-30,3
2010-01-31,5.4
2010-02-01,17.4
2010-02-02,2.6
2010-02-03,2.4
2010-02-04,0
2010-02-05,0
2010-02-06,0
2010-02-07,89
2010-02-08,0.8
2010-02-09,0.2
2010-02-10,7
2010-02-11,0
2010-02-12,0
2010-02-13,0
2010-02-14,0
2010-02-15,0
2010-02-16,17.4
2010-02-17,121.4
2010-02-18,0
2010-02-19,0
2010-02-20,0.4
2010-02-21,2.2
2010-02-22,0.2
2010-02-23,0
2010-02-24,0
2010-02-25,0
2010-02-26,1.4
2010-02-27,0.6
2010-02-28,9.4
2010-03-01,26.8
2010-03-02,60.6
2010-03-03,23.6
2010-03-04,20
2010-03-05,0.2
2010-03-06,9
2010-03-07,3.4
2010-03-08,0.6
2010-03-09,0
2010-03-10,0
2010-03-11,0
2010-03-12,1.2
2010-03-13,0.6
2010-03-14,0.6
2010-03-15,4.8
2010-03-16,0.2
2010-03-17,0.2
2010-03-18,0
2010-03-19,0
2010-03-20,0
2010-03-21,1
2010-03-22,0
2010-03-23,0
2010-03-24,1.6
2010-03-25,0
2010-03-26,3.4
2010-03-27,0
2010-03-28,0
2010-03-29,1.2
2010-03-30,3.2
2010-03-31,0
2010-04-01,1.4
2010-04-02,0
2010-04-03,0
2010-04-04,0
2010-04-05,0
2010-04-06,0
2010-04-07,0
2010-04-08,0
2010-04-09,0
2010-04-10,0
2010-04-11,0
2010-04-12,0.2
2010-04-13,2
2010-04-14,0
2010-04-15,0
2010-04-16,0
2010-04-17,0.4
2010-04-18,0.6
2010-04-19,4.6
2010-04-20,1
2010-04-21,10.2
2010-04-22,12.8
2010-04-23,0.2
2010-04-24,0.8
2010-04-25,2.2
2010-04-26,0
2010-04-27,0
2010-04-28,0
2010-04-29,0
2010-04-30,0
2010-05-01,0
2010-05-02,0.6
2010-05-03,0.2
2010-05-04,4.2
2010-05-05,8.4
2010-05-06,0
2010-05-07,0
2010-05-08,0
2010-05-09,0
2010-05-10,0
2010-05-11,0
2010-05-12,12.2
2010-05-13,0.2
2010-05-14,0
2010-05-15,0
2010-05-16,0
2010-05-17,0
2010-05-18,0
2010-05-19,0
2010-05-20,0
2010-05-21,4
2010-05-22,18.6
2010-05-23,0
2010-05-24,0
2010-05-25,3.6
2010-05-26,0
2010-05-27,0
2010-05-28,0
2010-05-29,6.4
2010-05-30,2.8
2010-05-31,0
2010-06-01,0
2010-06-02,0.4
2010-06-03,0
2010-06-04,0
2010-06-05,0
2010-06-06,0
2010-06-07,0
2010-06-08,0
2010-06-09,0
2010-06-10,0
2010-06-11,0
2010-06-12,0
2010-06-13,0
2010-06-14,0
2010-06-15,0
2010-06-16,0
2010-06-17,0
2010-06-18,0
2010-06-19,0
2010-06-20,0
2010-06-21,0
2010-06-22,0
2010-06-23,0.6
2010-06-24,4.4
2010-06-25,0
2010-06-26,0
2010-06-27,0
2010-06-28,0
2010-06-29,0
2010-06-30,0.8
2010-07-01,2.2
2010-07-02,0.2
2010-07-03,8.6
2010-07-04,0
2010-07-05,0
2010-07-06,0
2010-07-07,0
2010-07-08,0.4
2010-07-09,0
2010-07-10,0
2010-07-11,0
2010-07-12,0
2010-07-13,0
2010-07-14,0
2010-07-15,0
2010-07-16,0
2010-07-17,0
2010-07-18,0
2010-07-19,0
2010-07-20,1
2010-07-21,0
2010-07-22,0
2010-07-23,0
2010-07-24,0
2010-07-25,0
2010-07-26,2
2010-07-27,0.2
2010-07-28,5.2
2010-07-29,8
2010-07-30,0
2010-07-31,0
2010-08-01,0
2010-08-02,0
2010-08-03,0
2010-08-04,0
2010-08-05,0
2010-08-06,0
2010-08-07,0
2010-08-08,0
2010-08-09,0
2010-08-10,2.8
2010-08-11,78
2010-08-12,0
2010-08-13,0.2
2010-08-14,0
2010-08-15,0
2010-08-16,0
2010-08-17,0
2010-08-18,0
2010-08-19,0
2010-08-20,8.6
2010-08-21,4.6
2010-08-22,0
2010-08-23,0
2010-08-24,10.2
2010-08-25,0.2
2010-08-26,0
2010-08-27,0
2010-08-28,0
2010-08-29,0
2010-08-30,0
2010-08-31,0
2010-09-01,0
2010-09-02,0
2010-09-03,0
2010-09-04,0
2010-09-05,3.4
2010-09-06,26.8
2010-09-07,0
2010-09-08,0
2010-09-09,0
2010-09-10,0
2010-09-11,3.2
2010-09-12,0
2010-09-13,0
2010-09-14,0
2010-09-15,0.4
2010-09-16,0
2010-09-17,0
2010-09-18,0
2010-09-19,0
2010-09-20,8.6
2010-09-21,22.4
2010-09-22,0
2010-09-23,0
2010-09-24,0.2
2010-09-25,1.2
2010-09-26,5.4
2010-09-27,0.2
2010-09-28,0
2010-09-29,31.4
2010-09-30,0.4
2010-10-01,0
2010-10-02,3.4
2010-10-03,6.6
2010-10-04,2
2010-10-05,2.2
2010-10-06,0
2010-10-07,0
2010-10-08,54
2010-10-09,23.4
2010-10-10,8
2010-10-11,93.6
2010-10-12,22.4
2010-10-13,4.2
2010-10-14,0.2
2010-10-15,0
2010-10-16,22.2
2010-10-17,0
2010-10-18,0
2010-10-19,0
2010-10-20,0.8
2010-10-21,1.6
2010-10-22,0
2010-10-23,0
2010-10-24,0
2010-10-25,34.4
2010-10-26,0
2010-10-27,0.4
2010-10-28,0.2
2010-10-29,26.8
2010-10-30,0
2010-10-31,0
2010-11-01,0
2010-11-02,0.2
2010-11-03,0
2010-11-04,6.2
2010-11-05,19.6
2010-11-06,2.6
2010-11-07,0
2010-11-08,0
2010-11-09,0.6
2010-11-10,0.8
2010-11-11,0
2010-11-12,0
2010-11-13,0
2010-11-14,0
2010-11-15,0.2
2010-11-16,0
2010-11-17,0
2010-11-18,5.2
2010-11-19,9.4
2010-11-20,0.2
2010-11-21,1
2010-11-22,4.4
2010-11-23,0.2
2010-11-24,1
2010-11-25,0
2010-11-26,0.2
2010-11-27,1.8
2010-11-28,0
2010-11-29,0
2010-11-30,4.2
2010-12-01,3.8
2010-12-02,58.6
2010-12-03,1.2
2010-12-04,0.2
2010-12-05,50.6
2010-12-06,0.8
2010-12-07,8.4
2010-12-08,5.4
2010-12-09,0
2010-12-10,0
2010-12-11,0
2010-12-12,80.4
2010-12-13,1.6
2010-12-14,0
2010-12-15,0.2
2010-12-16,0.6
2010-12-17,47.6
2010-12-18,0
2010-12-19,9.8
2010-12-20,57.4
2010-12-21,0
2010-12-22,0
2010-12-23,12.8
2010-12-24,0.2
2010-12-25,36.2
2010-12-26,8.8
2010-12-27,60.2
2010-12-28,34
2010-12-29,1
2010-12-30,0
2010-12-31,0
2011-01-01,0.4
2011-01-02,3
2011-01-03,0
2011-01-04,0
2011-01-05,0
2011-01-06,41.8
2011-01-07,35.6
2011-01-08,11.6
2011-01-09,12.2
2011-01-10,110.8
2011-01-11,15.4
2011-01-12,40
2011-01-13,0.4
2011-01-14,0
2011-01-15,0.4
2011-01-16,0
2011-01-17,0
2011-01-18,0
2011-01-19,3.4
2011-01-20,36.2
2011-01-21,4.4
2011-01-22,0
2011-01-23,0
2011-01-24,0
2011-01-25,0
2011-01-26,0
2011-01-27,0
2011-01-28,0
2011-01-29,0.2
2011-01-30,0
2011-01-31,0
2011-02-01,3.6
2011-02-02,3.8
2011-02-03,2
2011-02-04,0.2
2011-02-05,2.2
2011-02-06,7
2011-02-07,1.6
2011-02-08,6.4
2011-02-09,14.2
2011-02-10,0
2011-02-11,1.2
2011-02-12,0
2011-02-13,0
2011-02-14,0
2011-02-15,0
2011-02-16,21
2011-02-17,2.2
2011-02-18,19
2011-02-19,0
2011-02-20,0
2011-02-21,0
2011-02-22,68.8
2011-02-23,0.2
2011-02-24,3.6
2011-02-25,0
2011-02-26,0
2011-02-27,0
2011-02-28,0
2011-03-01,0
2011-03-02,22.6
2011-03-03,1.2
2011-03-04,23.4
2011-03-05,29.2
2011-03-06,1.4
2011-03-07,0.4
2011-03-08,0.8
2011-03-09,2.4
2011-03-10,0.2
2011-03-11,0
2011-03-12,0.2
2011-03-13,0
2011-03-14,3.4
2011-03-15,0
2011-03-16,0
2011-03-17,0
2011-03-18,0
2011-03-19,1.4
2011-03-20,32.6
2011-03-21,1.2
2011-03-22,0
2011-03-23,0
2011-03-24,0
2011-03-25,0
2011-03-26,0
2011-03-27,0
2011-03-28,0
2011-03-29,6
2011-03-30,6.8
2011-03-31,16
2011-04-01,5.6
2011-04-02,4.6
2011-04-03,0.8
2011-04-04,0
2011-04-05,0
2011-04-06,1
2011-04-07,0
2011-04-08,13.4
2011-04-09,5
2011-04-10,0
2011-04-11,0
2011-04-12,7.6
2011-04-13,0
2011-04-14,0
2011-04-15,0
2011-04-16,2
2011-04-17,0.6
2011-04-18,3.8
2011-04-19,16.2
2011-04-20,2.6
2011-04-21,0.2
2011-04-22,0
2011-04-23,0
2011-04-24,0
2011-04-25,0
2011-04-26,0
2011-04-27,7.2
2011-04-28,15.4
2011-04-29,1.8
2011-04-30,12.4
2011-05-01,0.2
2011-05-02,0
2011-05-03,0
2011-05-04,19.6
2011-05-05,0.2
2011-05-06,0
2011-05-07,0
2011-05-08,0
2011-05-09,5.6
2011-05-10,3.8
2011-05-11,0
2011-05-12,0
2011-05-13,0
2011-05-14,0
2011-05-15,0
2011-05-16,0
2011-05-17,0.4
2011-05-18,0.2
2011-05-19,0.2
2011-05-20,4.2
2011-05-21,0.4
2011-05-22,10.8
2011-05-23,0
2011-05-24,11.4
2011-05-25,0
2011-05-26,0
2011-05-27,0
2011-05-28,0
2011-05-29,0
2011-05-30,12
2011-05-31,0.2
2011-06-01,0
2011-06-02,0
2011-06-03,0
2011-06-04,0
2011-06-05,0
2011-06-06,0
2011-06-07,0
2011-06-08,0
2011-06-09,0
2011-06-10,0
2011-06-11,0
2011-06-12,3.8
2011-06-13,0.2
2011-06-14,0
2011-06-15,0
2011-06-16,0
2011-06-17,0
2011-06-18,0
2011-06-19,0
2011-06-20,0
2011-06-21,0
2011-06-22,0
2011-06-23,0
2011-06-24,0
2011-06-25,0.2
2011-06-26,0
2011-06-27,0
2011-06-28,0
2011-06-29,0
2011-06-30,6.4
2011-07-01,0.2
2011-07-02,0
2011-07-03,0
2011-07-04,0
2011-07-05,0
2011-07-06,0
2011-07-07,0
2011-07-08,0
2011-07-09,0
2011-07-10,0
2011-07-11,0
2011-07-12,0
2011-07-13,0
2011-07-14,0
2011-07-15,0
2011-07-16,10.8
2011-07-17,1
2011-07-18,0.2
2011-07-19,0
2011-07-20,0
2011-07-21,0
2011-07-22,0
2011-07-23,0
2011-07-24,0
2011-07-25,0
2011-07-26,0.2
2011-07-27,0
2011-07-28,0
2011-07-29,0
2011-07-30,0
2011-07-31,0
2011-08-01,0
2011-08-02,0
2011-08-03,0
2011-08-04,0
2011-08-05,0
2011-08-06,0
2011-08-07,0
2011-08-08,0
2011-08-09,0
2011-08-10,0
2011-08-11,0
2011-08-12,0
2011-08-13,0
2011-08-14,0
2011-08-15,2.2
2011-08-16,0
2011-08-17,0
2011-08-18,0
2011-08-19,0
2011-08-20,0
2011-08-21,3
2011-08-22,8
2011-08-23,15.2
2011-08-24,6.8
2011-08-25,0
2011-08-26,0
2011-08-27,5.2
2011-08-28,23.6
2011-08-29,0
2011-08-30,0
2011-08-31,12.8
2011-09-01,0
2011-09-02,0
2011-09-03,0
2011-09-04,0
2011-09-05,0.4
2011-09-06,0.2
2011-09-07,0
2011-09-08,0
2011-09-09,0
2011-09-10,14.6
2011-09-11,0
2011-09-12,0
2011-09-13,0
2011-09-14,0
2011-09-15,0
2011-09-16,0
2011-09-17,0
2011-09-18,0
2011-09-19,0
2011-09-20,0
2011-09-21,0
2011-09-22,0
2011-09-23,0
2011-09-24,0
2011-09-25,0.2
2011-09-26,0
2011-09-27,0
2011-09-28,0
2011-09-29,0
2011-09-30,3.2
2011-10-01,0
2011-10-02,0
2011-10-03,0
2011-10-04,6
2011-10-05,0.2
2011-10-06,3.8
2011-10-07,5.4
2011-10-08,14.6
2011-10-09,1.4
2011-10-10,0
2011-10-11,0
2011-10-12,0
2011-10-13,0
2011-10-14,30.8
2011-10-15,13.8
2011-10-16,6.2
2011-10-17,0.6
2011-10-18,0.4
2011-10-19,0
2011-10-20,0
2011-10-21,0
2011-10-22,0
2011-10-23,0
2011-10-24,0
2011-10-25,0
2011-10-26,0
2011-10-27,6.2
2011-10-28,0
2011-10-29,0
2011-10-30,0
2011-10-31,28.4
2011-11-01,0
2011-11-02,0
2011-11-03,0
2011-11-04,0
2011-11-05,0
2011-11-06,0
2011-11-07,0
2011-11-08,0
2011-11-09,0
2011-11-10,0
2011-11-11,0
2011-11-12,0
2011-11-13,0
2011-11-14,0
2011-11-15,0
2011-11-16,0
2011-11-17,0
2011-11-18,0
2011-11-19,0
2011-11-20,0
2011-11-21,0
2011-11-22,0
2011-11-23,0
2011-11-24,1.6
2011-11-25,10.2
2011-11-26,0.6
2011-11-27,3.2
2011-11-28,0
2011-11-29,0
2011-11-30,0
2011-12-01,0
2011-12-02,13
2011-12-03,0
2011-12-04,0
2011-12-05,0
2011-12-06,0
2011-12-07,5.8
2011-12-08,36
2011-12-09,2.4
2011-12-10,19.4
2011-12-11,1.6
2011-12-12,10
2011-12-13,0
2011-12-14,2
2011-12-15,1.2
2011-12-16,0.2
2011-12-17,0
2011-12-18,0
2011-12-19,0
2011-12-20,0
2011-12-21,0
2011-12-22,3.4
2011-12-23,0.4
2011-12-24,29.6
2011-12-25,1.8
2011-12-26,0
2011-12-27,0
2011-12-28,5.4
2011-12-29,0
2011-12-30,0
2011-12-31,0.2
2012-01-01,2.4
2012-01-02,0
2012-01-03,0
2012-01-04,0
2012-01-05,0
2012-01-06,0
2012-01-07,0
2012-01-08,0
2012-01-09,0
2012-01-10,0
2012-01-11,0
2012-01-12,0
2012-01-13,0
2012-01-14,0
2012-01-15,2.4
2012-01-16,44.4
2012-01-17,34.2
2012-01-18,5.4
2012-01-19,0
2012-01-20,0
2012-01-21,0
2012-01-22,0
2012-01-23,0.6
2012-01-24,31.2
2012-01-25,168.4
2012-01-26,3.8
2012-01-27,8.6
2012-01-28,8.2
2012-01-29,18
2012-01-30,15.8
2012-01-31,0
2012-02-01,0
2012-02-02,0.4
2012-02-03,3.2
2012-02-04,0.2
2012-02-05,0
2012-02-06,0
2012-02-07,0
2012-02-08,0
2012-02-09,32.2
2012-02-10,0
2012-02-11,0
2012-02-12,1.2
2012-02-13,14.8
2012-02-14,1.6
2012-02-15,0
2012-02-16,0
2012-02-17,0
2012-02-18,0
2012-02-19,0
2012-02-20,0
2012-02-21,20
2012-02-22,0.2
2012-02-23,5.2
2012-02-24,10.4
2012-02-25,58.4
2012-02-26,14
2012-02-27,0.4
2012-02-28,0
2012-02-29,0
2012-03-01,0
2012-03-02,0
2012-03-03,0.8
2012-03-04,16.4
2012-03-05,22.2
2012-03-06,7.6
2012-03-07,7.4
2012-03-08,0
2012-03-09,0
2012-03-10,0
2012-03-11,1
2012-03-12,0.2
2012-03-13,0
2012-03-14,4.8
2012-03-15,8.2
2012-03-16,0.6
2012-03-17,0.4
2012-03-18,22.2
2012-03-19,0.2
2012-03-20,4.4
2012-03-21,3.4
2012-03-22,0.2
2012-03-23,16
2012-03-24,0
2012-03-25,0
2012-03-26,0
2012-03-27,0
2012-03-28,0
2012-03-29,0
2012-03-30,0.2
2012-03-31,2
2012-04-01,0.2
2012-04-02,0
2012-04-03,0
2012-04-04,0
2012-04-05,0
2012-04-06,0
2012-04-07,0
2012-04-08,0
2012-04-09,0
2012-04-10,0
2012-04-11,0
2012-04-12,0
2012-04-13,3.4
2012-04-14,2.4
2012-04-15,12.4
2012-04-16,7.6
2012-04-17,7.2
2012-04-18,0
2012-04-19,0.2
2012-04-20,0.2
2012-04-21,0
2012-04-22,0.2
2012-04-23,0
2012-04-24,0
2012-04-25,0.2
2012-04-26,0
2012-04-27,0.2
2012-04-28,38.4
2012-04-29,76.4
2012-04-30,0
2012-05-01,0
2012-05-02,4.2
2012-05-03,0
2012-05-04,7.8
2012-05-05,0
2012-05-06,0
2012-05-07,0
2012-05-08,0
2012-05-09,0
2012-05-10,0
2012-05-11,0
2012-05-12,0
2012-05-13,0
2012-05-14,0
2012-05-15,0
2012-05-16,0
2012-05-17,0
2012-05-18,0
2012-05-19,0
2012-05-20,0
2012-05-21,0
2012-05-22,0
2012-05-23,0
2012-05-24,0
2012-05-25,0.4
2012-05-26,10.6
2012-05-27,0.2
2012-05-28,0
2012-05-29,0
2012-05-30,0
2012-05-31,13.2
2012-06-01,6
2012-06-02,13
2012-06-03,26.4
2012-06-04,0.2
2012-06-05,0
2012-06-06,0
2012-06-07,0
2012-06-08,0
2012-06-09,0
2012-06-10,7
2012-06-11,5.2
2012-06-12,1.6
2012-06-13,0.4
2012-06-14,0.2
2012-06-15,0
2012-06-16,0
2012-06-17,0
2012-06-18,0
2012-06-19,0
2012-06-20,0
2012-06-21,0
2012-06-22,0
2012-06-23,0
2012-06-24,0
2012-06-25,0.2
2012-06-26,0
2012-06-27,27.2
2012-06-28,21.4
2012-06-29,13.2
2012-06-30,0
2012-07-01,0
2012-07-02,0
2012-07-03,0
2012-07-04,0
2012-07-05,0
2012-07-06,0
2012-07-07,0
2012-07-08,0
2012-07-09,0
2012-07-10,4.2
2012-07-11,4.4
2012-07-12,0.6
2012-07-13,19.2
2012-07-14,12
2012-07-15,0.4
2012-07-16,0.2
2012-07-17,2
2012-07-18,0.6
2012-07-19,7.4
2012-07-20,0.2
2012-07-21,0
2012-07-22,0
2012-07-23,0
2012-07-24,0
2012-07-25,0
2012-07-26,0
2012-07-27,0
2012-07-28,0
2012-07-29,0
2012-07-30,0
2012-07-31,0
2012-08-01,0
2012-08-02,0
2012-08-03,0
2012-08-04,0
2012-08-05,0
2012-08-06,0
2012-08-07,0
2012-08-08,0
2012-08-09,0
2012-08-10,0
2012-08-11,0
2012-08-12,0
2012-08-13,0
2012-08-14,0
2012-08-15,0
2012-08-16,0
2012-08-17,0
2012-08-18,0
2012-08-19,0
2012-08-20,0
2012-08-21,0
2012-08-22,0
2012-08-23,0
2012-08-24,0
2012-08-25,0
2012-08-26,0
2012-08-27,0
2012-08-28,0
2012-08-29,0
2012-08-30,0
2012-08-31,0.2
2012-09-01,0
2012-09-02,0
2012-09-03,0
2012-09-04,0
2012-09-05,0
2012-09-06,0
2012-09-07,0
2012-09-08,0
2012-09-09,0
2012-09-10,0
2012-09-11,0
2012-09-12,0
2012-09-13,0
2012-09-14,0
2012-09-15,0
2012-09-16,0
2012-09-17,0
2012-09-18,0.2
2012-09-19,1.2
2012-09-20,0.2
2012-09-21,0
2012-09-22,0.2
2012-09-23,0
2012-09-24,0
2012-09-25,0.6
2012-09-26,0
2012-09-27,0
2012-09-28,0
2012-09-29,0
2012-09-30,3.2
2012-10-01,0.6
2012-10-02,0
2012-10-03,0
2012-10-04,0
2012-10-05,0
2012-10-06,0
2012-10-07,0
2012-10-08,0
2012-10-09,0
2012-10-10,0
2012-10-11,0.6
2012-10-12,11.6
2012-10-13,0
2012-10-14,0
2012-10-15,0
2012-10-16,0
2012-10-17,0
2012-10-18,0
2012-10-19,0.4
2012-10-20,0
2012-10-21,0
2012-10-22,0
2012-10-23,0
2012-10-24,0
2012-10-25,0
2012-10-26,0
2012-10-27,0
2012-10-28,8.2
2012-10-29,0
2012-10-30,0
2012-10-31,0
2012-11-01,0.4
2012-11-02,0
2012-11-03,0
2012-11-04,0.6
2012-11-05,0.2
2012-11-06,0
2012-11-07,0
2012-11-08,0
2012-11-09,0
2012-11-10,8
2012-11-11,22
2012-11-12,0
2012-11-13,0
2012-11-14,0
2012-11-15,0
2012-11-16,0
2012-11-17,0
2012-11-18,64
2012-11-19,16.6
2012-11-20,0
2012-11-21,0
2012-11-22,0
2012-11-23,0
2012-11-24,0
2012-11-25,0
2012-11-26,0
2012-11-27,0
2012-11-28,0
2012-11-29,5
2012-11-30,0
2012-12-01,0
2012-12-02,0
2012-12-03,0
2012-12-04,0
2012-12-05,0
2012-12-06,0
2012-12-07,0
2012-12-08,0.6
2012-12-09,0
2012-12-10,0.6
2012-12-11,5.4
2012-12-12,0
2012-12-13,0
2012-12-14,0
2012-12-15,0
2012-12-16,0
2012-12-17,0
2012-12-18,0
2012-12-19,1
2012-12-20,0
2012-12-21,0
2012-12-22,0.8
2012-12-23,0
2012-12-24,18
2012-12-25,0.2
2012-12-26,22
2012-12-27,0.2
2012-12-28,0
2012-12-29,2
2012-12-30,0
2012-12-31,0
2013-01-01,0
2013-01-02,0
2013-01-03,0
2013-01-04,0
2013-01-05,0
2013-01-06,2
2013-01-07,0.2
2013-01-08,0
2013-01-09,0
2013-01-10,0
2013-01-11,0
2013-01-12,0
2013-01-13,0
2013-01-14,0
2013-01-15,0
2013-01-16,0
2013-01-17,0
2013-01-18,0
2013-01-19,0
2013-01-20,1.2
2013-01-21,1.2
2013-01-22,3.4
2013-01-23,0.4
2013-01-24,0
2013-01-25,21.6
2013-01-26,39.2
2013-01-27,54.6
2013-01-28,145
2013-01-29,2.2
2013-01-30,0
2013-01-31,10.6
2013-02-01,1
2013-02-02,2.2
2013-02-03,0
2013-02-04,0
2013-02-05,0
2013-02-06,5.4
2013-02-07,0
2013-02-08,7.8
2013-02-09,0.6
2013-02-10,0
2013-02-11,0
2013-02-12,0
2013-02-13,1.2
2013-02-14,1.6
2013-02-15,0
2013-02-16,13
2013-02-17,1
2013-02-18,2.8
2013-02-19,45
2013-02-20,3.4
2013-02-21,0.2
2013-02-22,2.2
2013-02-23,0.4
2013-02-24,0.2
2013-02-25,45.2
2013-02-26,93.4
2013-02-27,15.6
2013-02-28,8.4
2013-03-01,0
2013-03-02,14.8
2013-03-03,91.6
2013-03-04,11.8
2013-03-05,4.6
2013-03-06,2.2
2013-03-07,7.2
2013-03-08,1.8
2013-03-09,5
2013-03-10,3.2
2013-03-11,0.8
2013-03-12,0.2
2013-03-13,1.4
2013-03-14,0
2013-03-15,0
2013-03-16,0
2013-03-17,0
2013-03-18,0
2013-03-19,0
2013-03-20,0
2013-03-21,5
2013-03-22,0.4
2013-03-23,0
2013-03-24,0
2013-03-25,21.2
2013-03-26,0
2013-03-27,0.4
2013-03-28,0.6
2013-03-29,0.2
2013-03-30,0
2013-03-31,0
2013-04-01,24.2
2013-04-02,0
2013-04-03,0
2013-04-04,2.4
2013-04-05,6
2013-04-06,2
2013-04-07,0.2
2013-04-08,1.4
2013-04-09,0.4
2013-04-10,0.4
2013-04-11,0.4
2013-04-12,0.2
2013-04-13,36.6
2013-04-14,17.4
2013-04-15,0
2013-04-16,0
2013-04-17,6
2013-04-18,7
2013-04-19,0
2013-04-20,0
2013-04-21,0
2013-04-22,0
2013-04-23,0
2013-04-24,0
2013-04-25,0
2013-04-26,0
2013-04-27,0
2013-04-28,0
2013-04-29,0
2013-04-30,0
2013-05-01,0
2013-05-02,0
2013-05-03,0
2013-05-04,0
2013-05-05,0
2013-05-06,0
2013-05-07,0
2013-05-08,0
2013-05-09,0
2013-05-10,1.2
2013-05-11,0.8
2013-05-12,4.6
2013-05-13,4.2
2013-05-14,1.8
2013-05-15,1.2
2013-05-16,0
2013-05-17,0
2013-05-18,0
2013-05-19,0
2013-05-20,0
2013-05-21,0
2013-05-22,0
2013-05-23,5
2013-05-24,0
2013-05-25,1
2013-05-26,0
2013-05-27,0
2013-05-28,1.6
2013-05-29,4.4
2013-05-30,0.8
2013-05-31,17.4
2013-06-01,2.6
2013-06-02,0
2013-06-03,1.4
2013-06-04,0
2013-06-05,0
2013-06-06,0
2013-06-07,0
2013-06-08,0
2013-06-09,6
2013-06-10,3
2013-06-11,29.2
2013-06-12,0.2
2013-06-13,2.4
2013-06-14,0
2013-06-15,0
2013-06-16,0
2013-06-17,0
2013-06-18,0
2013-06-19,0
2013-06-20,0
2013-06-21,2.6
2013-06-22,6
2013-06-23,0
2013-06-24,0
2013-06-25,0
2013-06-26,0
2013-06-27,0
2013-06-28,1.8
2013-06-29,1.8
2013-06-30,2.4
2013-07-01,8.8
2013-07-02,15.4
2013-07-03,0
2013-07-04,0.4
2013-07-05,0
2013-07-06,0
2013-07-07,0
2013-07-08,0
2013-07-09,0
2013-07-10,1.6
2013-07-11,0.6
2013-07-12,0.2
2013-07-13,0
2013-07-14,1.6
2013-07-15,0.2
2013-07-16,0
2013-07-17,0.2
2013-07-18,0.4
2013-07-19,1.6
2013-07-20,2.8
2013-07-21,0.2
2013-07-22,0.2
2013-07-23,3
2013-07-24,0
2013-07-25,0
2013-07-26,0
2013-07-27,0
2013-07-28,0
2013-07-29,1
2013-07-30,0.2
2013-07-31,0.6
2013-08-01,0
2013-08-02,0
2013-08-03,0
2013-08-04,0
2013-08-05,0
2013-08-06,0
2013-08-07,0
2013-08-08,0
2013-08-09,0
2013-08-10,0
2013-08-11,0
2013-08-12,0
2013-08-13,0
2013-08-14,0
2013-08-15,0.2
2013-08-16,0
2013-08-17,0
2013-08-18,0
2013-08-19,0
2013-08-20,0
2013-08-21,0
2013-08-22,0
2013-08-23,0
2013-08-24,0
2013-08-25,0
2013-08-26,0
2013-08-27,0
2013-08-28,0
2013-08-29,0
2013-08-30,0
2013-08-31,0
2013-09-01,0
2013-09-02,0
2013-09-03,0
2013-09-04,0.4
2013-09-05,0
2013-09-06,0
2013-09-07,0
2013-09-08,0
2013-09-09,0
2013-09-10,0
2013-09-11,0
2013-09-12,0
2013-09-13,0
2013-09-14,0.2
2013-09-15,0
2013-09-16,0
2013-09-17,11.8
2013-09-18,0.2
2013-09-19,0
2013-09-20,0
2013-09-21,0
2013-09-22,0
2013-09-23,0
2013-09-24,0
2013-09-25,0
2013-09-26,0
2013-09-27,0
2013-09-28,0.2
2013-09-29,0.4
2013-09-30,0
2013-10-01,0
2013-10-02,1.2
2013-10-03,0
2013-10-04,0
2013-10-05,0
2013-10-06,0
2013-10-07,0
2013-10-08,0
2013-10-09,0
2013-10-10,0
2013-10-11,0
2013-10-12,0
2013-10-13,0
2013-10-14,0
2013-10-15,0
2013-10-16,0
2013-10-17,0
2013-10-18,0
2013-10-19,12.2
2013-10-20,0
2013-10-21,0
2013-10-22,0
2013-10-23,0
2013-10-24,0
2013-10-25,0.2
2013-10-26,0
2013-10-27,0
2013-10-28,0
2013-10-29,0
2013-10-30,8.8
2013-10-31,0.2
2013-11-01,0
2013-11-02,0
2013-11-03,0
2013-11-04,0
2013-11-05,0
2013-11-06,0
2013-11-07,0
2013-11-08,0
2013-11-09,0
2013-11-10,0
2013-11-11,4
2013-11-12,1.8
2013-11-13,5.8
2013-11-14,12.8
2013-11-15,22.4
2013-11-16,0
2013-11-17,0
2013-11-18,9.2
2013-11-19,5.8
2013-11-20,0
2013-11-21,0
2013-11-22,0
2013-11-23,0.2
2013-11-24,10.6
2013-11-25,8.8
2013-11-26,0
2013-11-27,0
2013-11-28,0
2013-11-29,0
2013-11-30,23.4
2013-12-01,14
2013-12-02,0
2013-12-03,0
2013-12-04,0
2013-12-05,0
2013-12-06,0.8
2013-12-07,0
2013-12-08,0
2013-12-09,0
2013-12-10,0
2013-12-11,0
2013-12-12,2
2013-12-13,0.4
2013-12-14,0.4
2013-12-15,0.2
2013-12-16,0
2013-12-17,0
2013-12-18,0
2013-12-19,0.2
2013-12-20,0
2013-12-21,0
2013-12-22,0
2013-12-23,0
2013-12-24,0
2013-12-25,0
2013-12-26,0
2013-12-27,0
2013-12-28,0
2013-12-29,0
2013-12-30,1.2
2013-12-31,0
2014-01-01,0
2014-01-02,0
2014-01-03,1
2014-01-04,0
2014-01-05,0
2014-01-06,0
2014-01-07,40.2
2014-01-08,0.4
2014-01-09,0.2
2014-01-10,1.4
2014-01-11,0
2014-01-12,0
2014-01-13,0
2014-01-14,0
2014-01-15,0
2014-01-16,0
2014-01-17,0.2
2014-01-18,0
2014-01-19,0
2014-01-20,0
2014-01-21,0
2014-01-22,0
2014-01-23,2.2
2014-01-24,94
2014-01-25,2
2014-01-26,1.2
2014-01-27,0
2014-01-28,0
2014-01-29,0.8
2014-01-30,0.2
2014-01-31,0
2014-02-01,0
2014-02-02,0
2014-02-03,1.6
2014-02-04,0.6
2014-02-05,0
2014-02-06,0.2
2014-02-07,0
2014-02-08,0
2014-02-09,0
2014-02-10,0
2014-02-11,0
2014-02-12,0
2014-02-13,0
2014-02-14,0
2014-02-15,0
2014-02-16,0
2014-02-17,0
2014-02-18,8.4
2014-02-19,0.2
2014-02-20,0
2014-02-21,0
2014-02-22,2.2
2014-02-23,0
2014-02-24,1.2
2014-02-25,1.4
2014-02-26,0
2014-02-27,0
2014-02-28,0
2014-03-01,0.6
2014-03-02,0
2014-03-03,1.6
2014-03-04,4.6
2014-03-05,3.4
2014-03-06,0
2014-03-07,0
2014-03-08,0.2
2014-03-09,1.2
2014-03-10,2.2
2014-03-11,4.6
2014-03-12,0.8
2014-03-13,0
2014-03-14,0
2014-03-15,0.6
2014-03-16,0
2014-03-17,4.6
2014-03-18,0.2
2014-03-19,0
2014-03-20,0.6
2014-03-21,0.2
2014-03-22,0.6
2014-03-23,0
2014-03-24,0
2014-03-25,22.4
2014-03-26,21.6
2014-03-27,5.6
2014-03-28,82.6
2014-03-29,3.2
2014-03-30,0.8
2014-03-31,2.2
2014-04-01,0.6
2014-04-02,0
2014-04-03,0
2014-04-04,0
2014-04-05,0
2014-04-06,0
2014-04-07,1.8
2014-04-08,0
2014-04-09,0
2014-04-10,0
2014-04-11,0
2014-04-12,0
2014-04-13,0
2014-04-14,8.8
2014-04-15,0
2014-04-16,0
2014-04-17,0
2014-04-18,0
2014-04-19,0
2014-04-20,0
2014-04-21,0
2014-04-22,0
2014-04-23,0
2014-04-24,0
2014-04-25,0
2014-04-26,0
2014-04-27,0
2014-04-28,2.6
2014-04-29,0.4
2014-04-30,0
2014-05-01,4.6
2014-05-02,1.2
2014-05-03,13.8
2014-05-04,0.2
2014-05-05,0
2014-05-06,0
2014-05-07,0
2014-05-08,0
2014-05-09,0
2014-05-10,0
2014-05-11,0.2
2014-05-12,0
2014-05-13,3.6
2014-05-14,0
2014-05-15,0
2014-05-16,0.4
2014-05-17,1.2
2014-05-18,0.6
2014-05-19,0.2
2014-05-20,0
2014-05-21,0
2014-05-22,1.2
2014-05-23,0
2014-05-24,0.6
2014-05-25,0
2014-05-26,0.2
2014-05-27,0
2014-05-28,0
2014-05-29,0
2014-05-30,0
2014-05-31,0.6
2014-06-01,0.4
2014-06-02,0
2014-06-03,0
2014-06-04,0
2014-06-05,0
2014-06-06,0
2014-06-07,0
2014-06-08,0
2014-06-09,0
2014-06-10,0
2014-06-11,0
2014-06-12,0
2014-06-13,1.4
2014-06-14,0.8
2014-06-15,0.6
2014-06-16,0
2014-06-17,0
2014-06-18,0
2014-06-19,0
2014-06-20,5.8
2014-06-21,0
2014-06-22,5.2
2014-06-23,0.2
2014-06-24,0
2014-06-25,0
2014-06-26,0
2014-06-27,0
2014-06-28,0
2014-06-29,1.6
2014-06-30,0.2
2014-07-01,0
2014-07-02,0
2014-07-03,0
2014-07-04,0
2014-07-05,0.4
2014-07-06,0
2014-07-07,0
2014-07-08,0
2014-07-09,0
2014-07-10,0
2014-07-11,0
2014-07-12,0
2014-07-13,0
2014-07-14,0
2014-07-15,0
2014-07-16,0.8
2014-07-17,2
2014-07-18,0.2
2014-07-19,0
2014-07-20,0
2014-07-21,0
2014-07-22,0
2014-07-23,2.4
2014-07-24,0.2
2014-07-25,0
2014-07-26,0
2014-07-27,8
2014-07-28,0.2
2014-07-29,0
2014-07-30,0
2014-07-31,0
2014-08-01,0
2014-08-02,0
2014-08-03,0
2014-08-04,2
2014-08-05,0.4
2014-08-06,0
2014-08-07,0
2014-08-08,0
2014-08-09,0
2014-08-10,0
2014-08-11,0
2014-08-12,0
2014-08-13,0
2014-08-14,0
2014-08-15,0
2014-08-16,4
2014-08-17,51.6
2014-08-18,0
2014-08-19,0
2014-08-20,0
2014-08-21,0
2014-08-22,3.2
2014-08-23,22.4
2014-08-24,6
2014-08-25,0
2014-08-26,0
2014-08-27,0
2014-08-28,3.6
2014-08-29,0
2014-08-30,0
2014-08-31,0
2014-09-01,0
2014-09-02,0
2014-09-03,0
2014-09-04,0
2014-09-05,0
2014-09-06,0
2014-09-07,0
2014-09-08,3
2014-09-09,0
2014-09-10,0
2014-09-11,0
2014-09-12,0
2014-09-13,0
2014-09-14,0
2014-09-15,0
2014-09-16,0
2014-09-17,0
2014-09-18,0
2014-09-19,0
2014-09-20,0
2014-09-21,0
2014-09-22,0.6
2014-09-23,3
2014-09-24,0.8
2014-09-25,0
2014-09-26,9.8
2014-09-27,0
2014-09-28,10.4
2014-09-29,0
2014-09-30,0
2014-10-01,0
2014-10-02,0
2014-10-03,0
2014-10-04,0
2014-10-05,0
2014-10-06,0
2014-10-07,0
2014-10-08,0
2014-10-09,0
2014-10-10,0
2014-10-11,0
2014-10-12,0
2014-10-13,0
2014-10-14,3.2
2014-10-15,0
2014-10-16,0
2014-10-17,0
2014-10-18,0
2014-10-19,0
2014-10-20,0
2014-10-21,0
2014-10-22,0
2014-10-23,0
2014-10-24,0
2014-10-25,0
2014-10-26,0
2014-10-27,0
2014-10-28,2.6
2014-10-29,0
2014-10-30,0
2014-10-31,0
2014-11-01,0
2014-11-02,0
2014-11-03,0
2014-11-04,0
2014-11-05,0
2014-11-06,0
2014-11-07,9.2
2014-11-08,0
2014-11-09,0
2014-11-10,0
2014-11-11,0
2014-11-12,0
2014-11-13,9.2
2014-11-14,0.2
2014-11-15,0
2014-11-16,0
2014-11-17,0
2014-11-18,2.6
2014-11-19,13.8
2014-11-20,56
2014-11-21,0
2014-11-22,0
2014-11-23,0
2014-11-24,0
2014-11-25,0
2014-11-26,3.6
2014-11-27,3
2014-11-28,43.4
2014-11-29,1
2014-11-30,0
2014-12-01,0
2014-12-02,0
2014-12-03,0.2
2014-12-04,0
2014-12-05,0
2014-12-06,11.6
2014-12-07,1.4
2014-12-08,0
2014-12-09,25.2
2014-12-10,0.6
2014-12-11,0
2014-12-12,27
2014-12-13,3.8
2014-12-14,0
2014-12-15,0
2014-12-16,0
2014-12-17,0
2014-12-18,1.2
2014-12-19,16.8
2014-12-20,0
2014-12-21,0
2014-12-22,0
2014-12-23,0
2014-12-24,0
2014-12-25,0
2014-12-26,0
2014-12-27,7.2
2014-12-28,22.4
2014-12-29,6
2014-12-30,1
2014-12-31,0
2015-01-01,12.2
2015-01-02,0.2
2015-01-03,1.2
2015-01-04,16.8
2015-01-05,0
2015-01-06,21.6
2015-01-07,0
2015-01-08,1.8
2015-01-09,3.6
2015-01-10,0
2015-01-11,0
2015-01-12,14.6
2015-01-13,38.6
2015-01-14,0.2
2015-01-15,0
2015-01-16,0
2015-01-17,0
2015-01-18,0
2015-01-19,0
2015-01-20,35.8
2015-01-21,0.2
2015-01-22,1
2015-01-23,100.4
2015-01-24,65.2
2015-01-25,0
2015-01-26,0
2015-01-27,0
2015-01-28,5.2
2015-01-29,0
2015-01-30,3.8
2015-01-31,0
2015-02-01,17.2
2015-02-02,0
2015-02-03,2.2
2015-02-04,0
2015-02-05,0
2015-02-06,2.8
2015-02-07,0.2
2015-02-08,0.2
2015-02-09,0
2015-02-10,5.2
2015-02-11,12.2
2015-02-12,8.4
2015-02-13,1.6
2015-02-14,0.4
2015-02-15,0.2
2015-02-16,0.4
2015-02-17,0.4
2015-02-18,0.2
2015-02-19,4.6
2015-02-20,54
2015-02-21,89.2
2015-02-22,68.4
2015-02-23,4.4
2015-02-24,0.4
2015-02-25,0
2015-02-26,0.2
2015-02-27,1.8
2015-02-28,0.2
2015-03-01,0
2015-03-02,0
2015-03-03,0
2015-03-04,0
2015-03-05,0
2015-03-06,0
2015-03-07,0
2015-03-08,0
2015-03-09,0
2015-03-10,0
2015-03-11,0
2015-03-12,0
2015-03-13,0
2015-03-14,0
2015-03-15,0
2015-03-16,0
2015-03-17,0
2015-03-18,0
2015-03-19,7.6
2015-03-20,0
2015-03-21,0.2
2015-03-22,68
2015-03-23,81.8
2015-03-24,0
2015-03-25,0
2015-03-26,3.8
2015-03-27,0
2015-03-28,0
2015-03-29,0
2015-03-30,0
2015-03-31,0
2015-04-01,68.2
2015-04-02,8.8
2015-04-03,38.4
2015-04-04,0.4
2015-04-05,1.8
2015-04-06,0
2015-04-07,0
2015-04-08,0
2015-04-09,0
2015-04-10,0
2015-04-11,0
2015-04-12,0
2015-04-13,0
2015-04-14,0
2015-04-15,0
2015-04-16,0.2
2015-04-17,0
2015-04-18,3.4
2015-04-19,0.4
2015-04-20,14.6
2015-04-21,2
2015-04-22,0.2
2015-04-23,0
2015-04-24,0
2015-04-25,0
2015-04-26,0
2015-04-27,0
2015-04-28,0
2015-04-29,0
2015-04-30,7.8
2015-05-01,56.2
2015-05-02,182.6
2015-05-03,0
2015-05-04,0
2015-05-05,0
2015-05-06,0
2015-05-07,0
2015-05-08,0
2015-05-09,0
2015-05-10,0
2015-05-11,0
2015-05-12,0
2015-05-13,0
2015-05-14,0
2015-05-15,0
2015-05-16,0
2015-05-17,1
2015-05-18,6.6
2015-05-19,0.8
2015-05-20,0
2015-05-21,0.2
2015-05-22,1.4
2015-05-23,0
2015-05-24,0
2015-05-25,0
2015-05-26,0
2015-05-27,0
2015-05-28,0
2015-05-29,0
2015-05-30,0
2015-05-31,0
2015-06-01,0
2015-06-02,0
2015-06-03,0
2015-06-04,0
2015-06-05,0
2015-06-06,0
2015-06-07,0
2015-06-08,0.2
2015-06-09,0
2015-06-10,0
2015-06-11,0
2015-06-12,4.6
2015-06-13,1.2
2015-06-14,4.2
2015-06-15,4
2015-06-16,1
2015-06-17,3.4
2015-06-18,2.4
2015-06-19,0
2015-06-20,0
2015-06-21,0
2015-06-22,0
2015-06-23,0
2015-06-24,0
2015-06-25,0
2015-06-26,0.2
2015-06-27,0
2015-06-28,2.4
2015-06-29,7
2015-06-30,4
2015-07-01,0.2
2015-07-02,0
2015-07-03,0
2015-07-04,0
2015-07-05,0
2015-07-06,0
2015-07-07,0
2015-07-08,0
2015-07-09,0
2015-07-10,0.2
2015-07-11,0.4
2015-07-12,0.6
2015-07-13,0.2
2015-07-14,0
2015-07-15,0
2015-07-16,0
2015-07-17,0
2015-07-18,0
2015-07-19,0
2015-07-20,0
2015-07-21,0.2
2015-07-22,2.8
2015-07-23,4.4
2015-07-24,0
2015-07-25,0
2015-07-26,0.2
2015-07-27,0
2015-07-28,0
2015-07-29,0
2015-07-30,0
2015-07-31,0
2015-08-01,0
2015-08-02,0
2015-08-03,0
2015-08-04,0
2015-08-05,0
2015-08-06,0
2015-08-07,0
2015-08-08,0
2015-08-09,0
2015-08-10,0
2015-08-11,0
2015-08-12,0.2
2015-08-13,3.6
2015-08-14,0
2015-08-15,0
2015-08-16,0
2015-08-17,0
2015-08-18,0
2015-08-19,0
2015-08-20,0
2015-08-21,0.4
2015-08-22,2.2
2015-08-23,0
2015-08-24,0
2015-08-25,2.2
2015-08-26,0
2015-08-27,0
2015-08-28,5
2015-08-29,0.2
2015-08-30,13.6
2015-08-31,0.2
2015-09-01,0
2015-09-02,0
2015-09-03,2.4
2015-09-04,0.2
2015-09-05,0
2015-09-06,0
2015-09-07,0
2015-09-08,0
2015-09-09,0
2015-09-10,0
2015-09-11,0
2015-09-12,0
2015-09-13,0
2015-09-14,0
2015-09-15,0
2015-09-16,0
2015-09-17,10.2
2015-09-18,18
2015-09-19,0.6
2015-09-20,0
2015-09-21,1.6
2015-09-22,0
2015-09-23,0
2015-09-24,0.6
2015-09-25,0.2
2015-09-26,0
2015-09-27,0.4
2015-09-28,12.2
2015-09-29,0
2015-09-30,7.8
2015-10-01,0
2015-10-02,0
2015-10-03,0
2015-10-04,0
2015-10-05,0
2015-10-06,0
2015-10-07,0
2015-10-08,0
2015-10-09,5.8
2015-10-10,0.2
2015-10-11,0
2015-10-12,0
2015-10-13,0
2015-10-14,0.2
2015-10-15,4.4
2015-10-16,0
2015-10-17,0
2015-10-18,0
2015-10-19,0
2015-10-20,0
2015-10-21,0
2015-10-22,0
2015-10-23,20.8
2015-10-24,0
2015-10-25,1.2
2015-10-26,0
2015-10-27,4.8
2015-10-28,13.2
2015-10-29,5
2015-10-30,0.2
2015-10-31,0
2015-11-01,0
2015-11-02,0
2015-11-03,0
2015-11-04,11.6
2015-11-05,0
2015-11-06,19
2015-11-07,0
2015-11-08,0.4
2015-11-09,14
2015-11-10,0
2015-11-11,0
2015-11-12,0
2015-11-13,0
2015-11-14,1
2015-11-15,10.6
2015-11-16,0.2
2015-11-17,0.6
2015-11-18,0
2015-11-19,0
2015-11-20,0
2015-11-21,0
2015-11-22,0
2015-11-23,0
2015-11-24,0
2015-11-25,0
2015-11-26,0
2015-11-27,0
2015-11-28,0
2015-11-29,0.2
2015-11-30,16.6
2015-12-01,0
2015-12-02,0.4
2015-12-03,2
2015-12-04,0.2
2015-12-05,0
2015-12-06,0
2015-12-07,0
2015-12-08,0
2015-12-09,0
2015-12-10,0
2015-12-11,0.6
2015-12-12,1
2015-12-13,9.8
2015-12-14,0.8
2015-12-15,0
2015-12-16,0
2015-12-17,3.8
2015-12-18,3.2
2015-12-19,0
2015-12-20,0
2015-12-21,0
2015-12-22,0
2015-12-23,0
2015-12-24,3.2
2015-12-25,9.2
2015-12-26,0.4
2015-12-27,0.8
2015-12-28,0.8
2015-12-29,0
2015-12-30,0
2015-12-31,0
2016-01-01,0
2016-01-02,0
2016-01-03,0
2016-01-04,8.8
2016-01-05,23.2
2016-01-06,0
2016-01-07,0
2016-01-08,0
2016-01-09,0
2016-01-10,0
2016-01-11,0
2016-01-12,0
2016-01-13,0
2016-01-14,0
2016-01-15,0
2016-01-16,1
2016-01-17,0
2016-01-18,0
2016-01-19,0
2016-01-20,0
2016-01-21,0
2016-01-22,0
2016-01-23,0
2016-01-24,10.2
2016-01-25,0
2016-01-26,2
2016-01-27,0.4
2016-01-28,0.2
2016-01-29,1.8
2016-01-30,1.2
2016-01-31,2.6
2016-02-01,0
2016-02-02,0
2016-02-03,0.2
2016-02-04,0
2016-02-05,0
2016-02-06,1.2
2016-02-07,7.8
2016-02-08,0.2
2016-02-09,0
2016-02-10,0
2016-02-11,0
2016-02-12,0
2016-02-13,0
2016-02-14,0.2
2016-02-15,0
2016-02-16,0
2016-02-17,0
2016-02-18,0
2016-02-19,0.4
2016-02-20,3.6
2016-02-21,0
2016-02-22,0.2
2016-02-23,0
2016-02-24,0
2016-02-25,0
2016-02-26,0
2016-02-27,0
2016-02-28,0
2016-02-29,0
2016-03-01,0.4
2016-03-02,20.8
2016-03-03,6.6
2016-03-04,0.4
2016-03-05,0
2016-03-06,1.8
2016-03-07,3.2
2016-03-08,1.2
2016-03-09,6.2
2016-03-10,6.8
2016-03-11,4.4
2016-03-12,0
2016-03-13,7
2016-03-14,16.4
2016-03-15,0
2016-03-16,1.4
2016-03-17,0.2
2016-03-18,0
2016-03-19,6.8
2016-03-20,0.2
2016-03-21,0
2016-03-22,0
2016-03-23,0.4
2016-03-24,2.8
2016-03-25,0
2016-03-26,0
2016-03-27,3.4
2016-03-28,0.4
2016-03-29,0.2
2016-03-30,0
2016-03-31,26.4
2016-04-01,0
2016-04-02,0
2016-04-03,0
2016-04-04,0
2016-04-05,0
2016-04-06,0
2016-04-07,0
2016-04-08,0
2016-04-09,0
2016-04-10,0
2016-04-11,0
2016-04-12,0
2016-04-13,0
2016-04-14,1.4
2016-04-15,0.6
2016-04-16,0.4
2016-04-17,0
2016-04-18,0
2016-04-19,0
2016-04-20,0
2016-04-21,0
2016-04-22,4
2016-04-23,0
2016-04-24,0
2016-04-25,0
2016-04-26,1.8
2016-04-27,0
2016-04-28,1.4
2016-04-29,0.6
2016-04-30,2.6
2016-05-01,1.4
2016-05-02,15
2016-05-03,10.6
2016-05-04,0
2016-05-05,0
2016-05-06,0
2016-05-07,0
2016-05-08,0
2016-05-09,0.6
2016-05-10,0
2016-05-11,0
2016-05-12,0
2016-05-13,0
2016-05-14,0
2016-05-15,0
2016-05-16,0
2016-05-17,0
2016-05-18,0
2016-05-19,0
2016-05-20,0
2016-05-21,0
2016-05-22,0
2016-05-23,0
2016-05-24,0
2016-05-25,0
2016-05-26,0
2016-05-27,0
2016-05-28,0
2016-05-29,0
2016-05-30,0
2016-05-31,0
2016-06-01,0
2016-06-02,0
2016-06-03,1.2
2016-06-04,48.6
2016-06-05,88.2
2016-06-06,0
2016-06-07,0
2016-06-08,0
2016-06-09,0
2016-06-10,0
2016-06-11,0
2016-06-12,0
2016-06-13,1.2
2016-06-14,2
2016-06-15,1.6
2016-06-16,2.4
2016-06-17,0
2016-06-18,0
2016-06-19,3.8
2016-06-20,110.6
2016-06-21,0.2
2016-06-22,0
2016-06-23,2.4
2016-06-24,0
2016-06-25,0.2
2016-06-26,0
2016-06-27,1
2016-06-28,1.2
2016-06-29,0.2
2016-06-30,0
2016-07-01,0
2016-07-02,0
2016-07-03,0
2016-07-04,0
2016-07-05,2
2016-07-06,6.8
2016-07-07,0.2
2016-07-08,0
2016-07-09,0
2016-07-10,0
2016-07-11,0
2016-07-12,0
2016-07-13,0.2
2016-07-14,0
2016-07-15,0
2016-07-16,0
2016-07-17,12.6
2016-07-18,6
2016-07-19,0.4
2016-07-20,0
2016-07-21,0
2016-07-22,0
2016-07-23,0
2016-07-24,0
2016-07-25,0
2016-07-26,0
2016-07-27,0
2016-07-28,0
2016-07-29,0
2016-07-30,0
2016-07-31,0
2016-08-01,0
2016-08-02,0
2016-08-03,8.6
2016-08-04,0
2016-08-05,0.2
2016-08-06,0
2016-08-07,0
2016-08-08,0
2016-08-09,0
2016-08-10,0
2016-08-11,0
2016-08-12,5
2016-08-13,0
2016-08-14,0
2016-08-15,0.2
2016-08-16,0.2
2016-08-17,0
2016-08-18,1
2016-08-19,0.4
2016-08-20,0
2016-08-21,4.4
2016-08-22,0.2
2016-08-23,0
2016-08-24,1
2016-08-25,9.6
2016-08-26,0
2016-08-27,0
2016-08-28,0
2016-08-29,0
2016-08-30,0
2016-08-31,0
2016-09-01,0
2016-09-02,0
2016-09-03,9.6
2016-09-04,0
2016-09-05,0
2016-09-06,0.2
2016-09-07,0
2016-09-08,0.2
2016-09-09,0
2016-09-10,7.2
2016-09-11,14
2016-09-12,0
2016-09-13,0
2016-09-14,0
2016-09-15,0
2016-09-16,3
2016-09-17,0.2
2016-09-18,3
2016-09-19,3.4
2016-09-20,0
2016-09-21,0.6
2016-09-22,4.6
2016-09-23,0
2016-09-24,0
2016-09-25,0
2016-09-26,0
